P#,Document,Extension,Jenis,SortCategory,Category,SortTopic,Topic,Date,Last Updated,MIME Type,Size,ID,url
4,"Fasilitas Pengurangan Pajak Penghasilan Badan Dalam Rangka Penyelenggaraan Kegiatan Praktik Kerja, Pemagangan, dan/atau Pembelajaran",,PPh,18,fasilitas dibidang PPh,,,Wed Feb 19 2020 16:19:51 GMT+0800 (HKT),Wed Feb 19 2020 16:20:05 GMT+0800 (HKT),document,Fri Dec 29 1899 23:54:17 GMT+0800 (HKT),154C-9PW7wDK59LDRFwDqNyhxJQL1WHs4F2o6YyO8J_8,https://docs.google.com/document/d/154C-9PW7wDK59LDRFwDqNyhxJQL1WHs4F2o6YyO8J_8/edit?usp=drivesdk
3,Fasilitas Pengurangan Pajak Penghasilan Badan Dalam Rangka Penanaman Modal Baru Industri Pionir,,PPh,18,fasilitas dibidang PPh,,,Wed Feb 19 2020 16:19:44 GMT+0800 (HKT),Wed Feb 19 2020 16:19:59 GMT+0800 (HKT),document,Fri Dec 29 1899 23:54:17 GMT+0800 (HKT),1fCn1z3Vvdq5LFQFK6GXLt78UvfWq8BCSLP4ZUOSVWZY,https://docs.google.com/document/d/1fCn1z3Vvdq5LFQFK6GXLt78UvfWq8BCSLP4ZUOSVWZY/edit?usp=drivesdk
2,Fasilitas PPh untuk Penanaman Modal di Bidang Usaha Tertentu dan/atau Daerah tertentu,,PPh,18,fasilitas dibidang PPh,,,Wed Feb 19 2020 16:19:35 GMT+0800 (HKT),Wed Feb 19 2020 16:19:52 GMT+0800 (HKT),document,Fri Dec 29 1899 23:54:17 GMT+0800 (HKT),1RCFJu5vpy5_5IhC11Fb0flnLetezotXDXqpEapOthc4,https://docs.google.com/document/d/1RCFJu5vpy5_5IhC11Fb0flnLetezotXDXqpEapOthc4/edit?usp=drivesdk
1,Penurunan tarif PPh Bagi WPDN berbentuk Perseroan Terbuka,,PPh,18,fasilitas dibidang PPh,,,Wed Feb 19 2020 16:19:28 GMT+0800 (HKT),Wed Feb 19 2020 16:19:42 GMT+0800 (HKT),document,Fri Dec 29 1899 23:54:17 GMT+0800 (HKT),16ZGDa5q2XIdbsv4eX7W-Wqeg4SCzJpip5-xyp88pRjQ,https://docs.google.com/document/d/16ZGDa5q2XIdbsv4eX7W-Wqeg4SCzJpip5-xyp88pRjQ/edit?usp=drivesdk
1,Terjadinya Hubungan Istimewa,,PPh,17,Hubungan Istimewa,,,Wed Feb 19 2020 16:17:59 GMT+0800 (HKT),Wed Feb 19 2020 16:18:13 GMT+0800 (HKT),document,Fri Dec 29 1899 23:54:17 GMT+0800 (HKT),1hfwTvyS_4luYmKW0ibKmNQmyJrr2QqUg77GfPvuHVrM,https://docs.google.com/document/d/1hfwTvyS_4luYmKW0ibKmNQmyJrr2QqUg77GfPvuHVrM/edit?usp=drivesdk
3,Objek Pajak BUT dan Branch Profit Tax,,PPh,16,BUT,,,Wed Feb 19 2020 16:17:12 GMT+0800 (HKT),Wed Feb 19 2020 16:17:25 GMT+0800 (HKT),document,Fri Dec 29 1899 23:54:17 GMT+0800 (HKT),1IRv_rBdXDc4KojAi5eSpW4eK5J77nOTz35Q88llixas,https://docs.google.com/document/d/1IRv_rBdXDc4KojAi5eSpW4eK5J77nOTz35Q88llixas/edit?usp=drivesdk
4,Biaya BUT yang boleh / tidak boleh dikurangkan,,PPh,16,BUT,,,Wed Feb 19 2020 16:17:18 GMT+0800 (HKT),Wed Feb 19 2020 16:17:22 GMT+0800 (HKT),document,Fri Dec 29 1899 23:54:17 GMT+0800 (HKT),1vo-iaofJLywNZnfj5nTNBrZGPqsVW5JQD_o1dRklZfc,https://docs.google.com/document/d/1vo-iaofJLywNZnfj5nTNBrZGPqsVW5JQD_o1dRklZfc/edit?usp=drivesdk
2,BUT dalam P3B,,PPh,16,BUT,,,Wed Feb 19 2020 16:17:03 GMT+0800 (HKT),Wed Feb 19 2020 16:17:18 GMT+0800 (HKT),document,Fri Dec 29 1899 23:54:17 GMT+0800 (HKT),1QJesec-qCS0NobWHFxza1cy4GH65RQkkrxEDFfLTrQs,https://docs.google.com/document/d/1QJesec-qCS0NobWHFxza1cy4GH65RQkkrxEDFfLTrQs/edit?usp=drivesdk
1,BUT dalam UU PPh,,PPh,16,BUT,,,Wed Feb 19 2020 16:16:57 GMT+0800 (HKT),Wed Feb 19 2020 16:17:11 GMT+0800 (HKT),document,Fri Dec 29 1899 23:54:17 GMT+0800 (HKT),1s9mOtu6QhZ1uhrnjkLk0qmIqa7e5VZTaY1xfFsoEMN8,https://docs.google.com/document/d/1s9mOtu6QhZ1uhrnjkLk0qmIqa7e5VZTaY1xfFsoEMN8/edit?usp=drivesdk
10,"DGT 3, DGT 4, dan DGT 5 (Ketentuan ini Sudah dicabut sejak 30 Mei 2013)",,PPh,15,PPh Pasal 26,,,Wed Feb 19 2020 16:15:06 GMT+0800 (HKT),Wed Feb 19 2020 16:15:21 GMT+0800 (HKT),document,Fri Dec 29 1899 23:54:17 GMT+0800 (HKT),15yufFrlBnaSBBBzih0PI-bXEHCxhTMXiKbq2yGfxGss,https://docs.google.com/document/d/15yufFrlBnaSBBBzih0PI-bXEHCxhTMXiKbq2yGfxGss/edit?usp=drivesdk
9,Pencegahan Penyalahgunaan P3B (Ketentuan ini dicabut sejak 1 Agustus 2017),,PPh,15,PPh Pasal 26,,,Wed Feb 19 2020 16:14:57 GMT+0800 (HKT),Wed Feb 19 2020 16:15:11 GMT+0800 (HKT),document,Fri Dec 29 1899 23:54:17 GMT+0800 (HKT),16A9bQG8urAc_MwTBktQl22fI-Bt9GMUMjei7nmx6hQ4,https://docs.google.com/document/d/16A9bQG8urAc_MwTBktQl22fI-Bt9GMUMjei7nmx6hQ4/edit?usp=drivesdk
8,DGT 1 dan DGT 2 (Ketentuan ini sudah dicabut sejak 1 Agustus 2017),,PPh,15,PPh Pasal 26,,,Wed Feb 19 2020 16:14:49 GMT+0800 (HKT),Wed Feb 19 2020 16:15:03 GMT+0800 (HKT),document,Fri Dec 29 1899 23:54:17 GMT+0800 (HKT),1-383pxq1iausHPDZ8UN60dFpDlt9BHa0Rk9p2IVuXpc,https://docs.google.com/document/d/1-383pxq1iausHPDZ8UN60dFpDlt9BHa0Rk9p2IVuXpc/edit?usp=drivesdk
7,Surat Keterangan Domisili (DGT 6 dan DGT 7) bagi SPDN Indonesia dalam rangka P3B (Ketentuan Sebelum 12 Mei 2017),,PPh,15,PPh Pasal 26,,,Wed Feb 19 2020 16:14:42 GMT+0800 (HKT),Wed Feb 19 2020 16:14:57 GMT+0800 (HKT),document,Fri Dec 29 1899 23:54:17 GMT+0800 (HKT),1qMP-kMOm_LKN9fNPpUIuphnJeExPHhFkEH6G4Vc8t4Y,https://docs.google.com/document/d/1qMP-kMOm_LKN9fNPpUIuphnJeExPHhFkEH6G4Vc8t4Y/edit?usp=drivesdk
6,Perlakuan PPh Vs Perjanjian Internasional,,PPh,15,PPh Pasal 26,,,Wed Feb 19 2020 16:14:36 GMT+0800 (HKT),Wed Feb 19 2020 16:14:49 GMT+0800 (HKT),document,Fri Dec 29 1899 23:54:17 GMT+0800 (HKT),1JjBk14ef0jatL6hs_t5Nv1ttuadMXGy1xT2EO9RhcwA,https://docs.google.com/document/d/1JjBk14ef0jatL6hs_t5Nv1ttuadMXGy1xT2EO9RhcwA/edit?usp=drivesdk
5,Premi Asuransi dan Reasuransi yang Dibayar kepada Perusahaan Asuransi di Luar Negeri,,PPh,15,PPh Pasal 26,,,Wed Feb 19 2020 16:14:30 GMT+0800 (HKT),Wed Feb 19 2020 16:14:43 GMT+0800 (HKT),document,Fri Dec 29 1899 23:54:17 GMT+0800 (HKT),151fLp-GqCDzu2F0jbAoiAbDkPPECHxIQXtn3JQsutiw,https://docs.google.com/document/d/151fLp-GqCDzu2F0jbAoiAbDkPPECHxIQXtn3JQsutiw/edit?usp=drivesdk
4,PPh Pasal 26 atas Penjualan Saham yang Dilakukan oleh WPLN,,PPh,15,PPh Pasal 26,,,Wed Feb 19 2020 16:14:23 GMT+0800 (HKT),Wed Feb 19 2020 16:14:37 GMT+0800 (HKT),document,Fri Dec 29 1899 23:54:17 GMT+0800 (HKT),1dLtcDimlbgeUScyUgONrqNnPeODloF3Q4YUcRiXcTYU,https://docs.google.com/document/d/1dLtcDimlbgeUScyUgONrqNnPeODloF3Q4YUcRiXcTYU/edit?usp=drivesdk
3,Tabel Tarif PPh Pasal 26,,PPh,15,PPh Pasal 26,,,Wed Feb 19 2020 16:14:17 GMT+0800 (HKT),Wed Feb 19 2020 16:14:31 GMT+0800 (HKT),document,Fri Dec 29 1899 23:54:17 GMT+0800 (HKT),1cB2rcc-05HCIFOsl6kzpjGgXxS1uEtjvguQFrxL24tA,https://docs.google.com/document/d/1cB2rcc-05HCIFOsl6kzpjGgXxS1uEtjvguQFrxL24tA/edit?usp=drivesdk
2,Surat Keterangan Domisili Bagi SPDN Indonesia Dalam Rangka P3B dan Pengesahan Formulir Khusus,,PPh,15,PPh Pasal 26,,,Wed Feb 19 2020 16:14:06 GMT+0800 (HKT),Wed Feb 19 2020 16:14:23 GMT+0800 (HKT),document,Fri Dec 29 1899 23:54:17 GMT+0800 (HKT),1aSojVDlrGz0bqO_CyLUQNui9MhTaG-IJyjLkVmXGnv4,https://docs.google.com/document/d/1aSojVDlrGz0bqO_CyLUQNui9MhTaG-IJyjLkVmXGnv4/edit?usp=drivesdk
1,"Penerapan P3B, DGT dan SKD",,PPh,15,PPh Pasal 26,,,Wed Feb 19 2020 16:13:58 GMT+0800 (HKT),Wed Feb 19 2020 16:14:12 GMT+0800 (HKT),document,Fri Dec 29 1899 23:54:17 GMT+0800 (HKT),1fZffTJX7x50Gl0vlp90f93TciPZwj42b5DGyLmSzznI,https://docs.google.com/document/d/1fZffTJX7x50Gl0vlp90f93TciPZwj42b5DGyLmSzznI/edit?usp=drivesdk
7,pengurangan besarnya PPh pasal 25 bagi wajib pajak industri tertentu,,PPh,14,PPh Pasal 25,,,Wed Feb 19 2020 15:49:02 GMT+0800 (HKT),Wed Feb 19 2020 15:49:15 GMT+0800 (HKT),document,Fri Dec 29 1899 23:54:17 GMT+0800 (HKT),1y_uD3q7iCaOSYlrEla9pDS-H1CAqdvSTxDi8fN26yzA,https://docs.google.com/document/d/1y_uD3q7iCaOSYlrEla9pDS-H1CAqdvSTxDi8fN26yzA/edit?usp=drivesdk
6,"Cara Menghitung PPh Pasal 25 untuk WP BUMN, BUMD, WP Masuk Bursa",,PPh,14,PPh Pasal 25,,,Wed Feb 19 2020 15:48:53 GMT+0800 (HKT),Wed Feb 19 2020 15:49:08 GMT+0800 (HKT),document,Fri Dec 29 1899 23:54:17 GMT+0800 (HKT),1EjF8RStZA_O9TuJ5PN0FsffAjyHtVv3i-9w_TAUatck,https://docs.google.com/document/d/1EjF8RStZA_O9TuJ5PN0FsffAjyHtVv3i-9w_TAUatck/edit?usp=drivesdk
5,"Cara menghitung PPh Pasal 25 untuk WP Bank, WP SGU dengan Hak Opsi",,PPh,14,PPh Pasal 25,,,Wed Feb 19 2020 15:48:46 GMT+0800 (HKT),Wed Feb 19 2020 15:49:00 GMT+0800 (HKT),document,Fri Dec 29 1899 23:54:17 GMT+0800 (HKT),1GsUoLIjF2FjbXeF6J8bEd52Ehrlv-X_yudIBC3nCtvo,https://docs.google.com/document/d/1GsUoLIjF2FjbXeF6J8bEd52Ehrlv-X_yudIBC3nCtvo/edit?usp=drivesdk
4,Cara Menghitung PPh Pasal 25 untuk WP BARU,,PPh,14,PPh Pasal 25,,,Wed Feb 19 2020 15:48:40 GMT+0800 (HKT),Wed Feb 19 2020 15:48:54 GMT+0800 (HKT),document,Fri Dec 29 1899 23:54:17 GMT+0800 (HKT),1p42mzuL0t0_C_E7UzveLoIHzG6qIE503cvI5GTlJ52w,https://docs.google.com/document/d/1p42mzuL0t0_C_E7UzveLoIHzG6qIE503cvI5GTlJ52w/edit?usp=drivesdk
3,Fiskal Luar Negeri,,PPh,14,PPh Pasal 25,,,Wed Feb 19 2020 15:48:33 GMT+0800 (HKT),Wed Feb 19 2020 15:48:47 GMT+0800 (HKT),document,Fri Dec 29 1899 23:54:17 GMT+0800 (HKT),1-24IvY27YjAoOpYiHGpalAe_9CDZ2sRom_roDrVDYzQ,https://docs.google.com/document/d/1-24IvY27YjAoOpYiHGpalAe_9CDZ2sRom_roDrVDYzQ/edit?usp=drivesdk
2,Pelaporan SPT Masa PPh 25,,PPh,14,PPh Pasal 25,,,Wed Feb 19 2020 15:48:21 GMT+0800 (HKT),Wed Feb 19 2020 15:48:35 GMT+0800 (HKT),document,Fri Dec 29 1899 23:54:17 GMT+0800 (HKT),1ytOFm3F6guyODxS-UE1ciVzXIYmSGMgvefmIl6h5JSM,https://docs.google.com/document/d/1ytOFm3F6guyODxS-UE1ciVzXIYmSGMgvefmIl6h5JSM/edit?usp=drivesdk
1,PPh Pasal 25 atas Orang Pribadi Pengusaha Tertentu (OPPT),,PPh,14,PPh Pasal 25,,,Wed Feb 19 2020 15:48:12 GMT+0800 (HKT),Wed Feb 19 2020 15:48:26 GMT+0800 (HKT),document,Fri Dec 29 1899 23:54:17 GMT+0800 (HKT),11lgVUG3olOcLu83Y2ogNRRl61nD3DKdM9PKORKki3yk,https://docs.google.com/document/d/11lgVUG3olOcLu83Y2ogNRRl61nD3DKdM9PKORKki3yk/edit?usp=drivesdk
5,Dalam hal WP mengalami perubahan usaha atau kegiatan WP,,PPh,14,PPh Pasal 25,1,Cara Menghitung PPh Pasal 25 dalam hal-hal Tertentu,Wed Feb 19 2020 15:50:47 GMT+0800 (HKT),Wed Feb 19 2020 15:51:00 GMT+0800 (HKT),document,Fri Dec 29 1899 23:54:17 GMT+0800 (HKT),1XrrZdFO3CDSXwHCitB0mXliKaSZW_WQaEI-IUheI3a4,https://docs.google.com/document/d/1XrrZdFO3CDSXwHCitB0mXliKaSZW_WQaEI-IUheI3a4/edit?usp=drivesdk
4,Dalam hal WP membetulkan sendiri SPT Tahunan PPh,,PPh,14,PPh Pasal 25,1,Cara Menghitung PPh Pasal 25 dalam hal-hal Tertentu,Wed Feb 19 2020 15:50:41 GMT+0800 (HKT),Wed Feb 19 2020 15:50:54 GMT+0800 (HKT),document,Fri Dec 29 1899 23:54:17 GMT+0800 (HKT),1RO8Kkvg7cvT3f-QZoUy40-WJWTwTblqMcYIxMyk-QZo,https://docs.google.com/document/d/1RO8Kkvg7cvT3f-QZoUy40-WJWTwTblqMcYIxMyk-QZo/edit?usp=drivesdk
3,Dalam hal WP diberikan perpanjangan jangka waktu penyampaian SPT Tahunan PPh,,PPh,14,PPh Pasal 25,1,Cara Menghitung PPh Pasal 25 dalam hal-hal Tertentu,Wed Feb 19 2020 15:50:34 GMT+0800 (HKT),Wed Feb 19 2020 15:50:48 GMT+0800 (HKT),document,Fri Dec 29 1899 23:54:17 GMT+0800 (HKT),1nLzDO_45EvfqnvtgALz8D3uF7pLw6A906szUWb1FkDY,https://docs.google.com/document/d/1nLzDO_45EvfqnvtgALz8D3uF7pLw6A906szUWb1FkDY/edit?usp=drivesdk
2,Dalam hal WP melaporkan SPT Tahunan PPh Tahun Pajak Lalu Lewat Batas Waktu,,PPh,14,PPh Pasal 25,1,Cara Menghitung PPh Pasal 25 dalam hal-hal Tertentu,Wed Feb 19 2020 15:50:28 GMT+0800 (HKT),Wed Feb 19 2020 15:50:42 GMT+0800 (HKT),document,Fri Dec 29 1899 23:54:17 GMT+0800 (HKT),1r3YdPKcI4AifkMMtxiGOVfI25tKU-ZzUOZ_Xx5PVDuw,https://docs.google.com/document/d/1r3YdPKcI4AifkMMtxiGOVfI25tKU-ZzUOZ_Xx5PVDuw/edit?usp=drivesdk
1,Dalam hal WP berhak atas kompensasi kerugian dan Menerima Penghasilan Tidak Teratur,,PPh,14,PPh Pasal 25,1,Cara Menghitung PPh Pasal 25 dalam hal-hal Tertentu,Wed Feb 19 2020 15:50:21 GMT+0800 (HKT),Wed Feb 19 2020 15:50:35 GMT+0800 (HKT),document,Fri Dec 29 1899 23:54:17 GMT+0800 (HKT),1IpUXwd3VfY-Q9PltnFgs8hRp82QKT_gA4bXPsj46hJ0,https://docs.google.com/document/d/1IpUXwd3VfY-Q9PltnFgs8hRp82QKT_gA4bXPsj46hJ0/edit?usp=drivesdk
11,"PPh Pasal 22 Industri atau badan usaha komoditas tambang batubara, mineral logam, dan mineral bukan logam",,PPh,8,PPh Pasal 22,,,Wed Feb 19 2020 14:51:30 GMT+0800 (HKT),Wed Feb 19 2020 14:51:46 GMT+0800 (HKT),document,Fri Dec 29 1899 23:54:17 GMT+0800 (HKT),1NlCZbuJOfNZR-aY3fNhBZE0dlQj9mUJNnDNk2cm4tXU,https://docs.google.com/document/d/1NlCZbuJOfNZR-aY3fNhBZE0dlQj9mUJNnDNk2cm4tXU/edit?usp=drivesdk
10,PPh Pasal 22 atas Badan Usaha Tertentu,,PPh,8,PPh Pasal 22,,,Wed Feb 19 2020 14:48:44 GMT+0800 (HKT),Wed Feb 19 2020 14:48:57 GMT+0800 (HKT),document,Fri Dec 29 1899 23:54:17 GMT+0800 (HKT),1MmQw4vDbsdvtoP6LelzAxiCbHL7eAPWdA0E__rpAFZw,https://docs.google.com/document/d/1MmQw4vDbsdvtoP6LelzAxiCbHL7eAPWdA0E__rpAFZw/edit?usp=drivesdk
9,"SKB PPh Potput (SKB PPh 21, 22, 22 impor, 23)",,PPh,8,PPh Pasal 22,,,Wed Feb 19 2020 14:48:12 GMT+0800 (HKT),Wed Feb 19 2020 14:48:25 GMT+0800 (HKT),document,Fri Dec 29 1899 23:54:17 GMT+0800 (HKT),1pJMniVanw5BXdBW7Nv3RtnNS2rjx8hY5_aMESxYc8JI,https://docs.google.com/document/d/1pJMniVanw5BXdBW7Nv3RtnNS2rjx8hY5_aMESxYc8JI/edit?usp=drivesdk
7,"PPh Pasal 22 Industri atau eksportir sektor kehutanan, perkebunan, pertanian, peternakan, dan perikanan",,PPh,8,PPh Pasal 22,,,Wed Feb 19 2020 14:47:51 GMT+0800 (HKT),Wed Feb 19 2020 14:48:07 GMT+0800 (HKT),document,Fri Dec 29 1899 23:54:17 GMT+0800 (HKT),13D2nvmHZRUvwog9Ybw2zwwlcE6MTlnkg0zGGoHRSpL8,https://docs.google.com/document/d/13D2nvmHZRUvwog9Ybw2zwwlcE6MTlnkg0zGGoHRSpL8/edit?usp=drivesdk
8,PPh Pasal 22 Penjualan Barang yang Tergolong Sangat Mewah,,PPh,8,PPh Pasal 22,,,Wed Feb 19 2020 14:47:32 GMT+0800 (HKT),Wed Feb 19 2020 14:47:46 GMT+0800 (HKT),document,Fri Dec 29 1899 23:54:17 GMT+0800 (HKT),1sQ87lcZVePsLRYHAcvo0v15VHPq4SduubIRBFKsUuwc,https://docs.google.com/document/d/1sQ87lcZVePsLRYHAcvo0v15VHPq4SduubIRBFKsUuwc/edit?usp=drivesdk
6,PPh Pasal 22 Industri Tertentu,,PPh,8,PPh Pasal 22,,,Wed Feb 19 2020 14:24:12 GMT+0800 (HKT),Wed Feb 19 2020 14:24:25 GMT+0800 (HKT),document,Fri Dec 29 1899 23:54:17 GMT+0800 (HKT),1PBYkV4ydh98CTiTrIluXhb3VJnLcGxzOK6L_-sMM_QY,https://docs.google.com/document/d/1PBYkV4ydh98CTiTrIluXhb3VJnLcGxzOK6L_-sMM_QY/edit?usp=drivesdk
5,"PPh Pasal 22 Produsen atau importir bahan bakar minyak, bahan bakar gas, dan pelumas",,PPh,8,PPh Pasal 22,,,Wed Feb 19 2020 14:22:04 GMT+0800 (HKT),Wed Feb 19 2020 14:22:18 GMT+0800 (HKT),document,Fri Dec 29 1899 23:54:17 GMT+0800 (HKT),1bwqQmts9kiK8QUCWhUXgmneIsvDHLdV5HwDtmDdPYHY,https://docs.google.com/document/d/1bwqQmts9kiK8QUCWhUXgmneIsvDHLdV5HwDtmDdPYHY/edit?usp=drivesdk
4,PPh Pasal 22 Bendaharawan,,PPh,8,PPh Pasal 22,,,Wed Feb 19 2020 14:20:31 GMT+0800 (HKT),Wed Feb 19 2020 14:20:44 GMT+0800 (HKT),document,Fri Dec 29 1899 23:54:17 GMT+0800 (HKT),1F4MgnEArgXnuzoa2rIkUXpGSBrRt-ckkUcBdR8XzGgY,https://docs.google.com/document/d/1F4MgnEArgXnuzoa2rIkUXpGSBrRt-ckkUcBdR8XzGgY/edit?usp=drivesdk
3,PPh Pasal 22 yang Dipungut Bank Devisa dan DJBC,,PPh,8,PPh Pasal 22,,,Wed Feb 19 2020 14:18:36 GMT+0800 (HKT),Wed Feb 19 2020 14:18:49 GMT+0800 (HKT),document,Fri Dec 29 1899 23:54:17 GMT+0800 (HKT),1qmsxGN4mK6RcWKRFLzHa22zCOOiuNBphO86aXXQNnC4,https://docs.google.com/document/d/1qmsxGN4mK6RcWKRFLzHa22zCOOiuNBphO86aXXQNnC4/edit?usp=drivesdk
2,PPh Pasal 22,,PPh,8,PPh Pasal 22,,,Wed Feb 19 2020 14:17:58 GMT+0800 (HKT),Wed Feb 19 2020 14:18:11 GMT+0800 (HKT),document,Fri Dec 29 1899 23:54:17 GMT+0800 (HKT),1U4_IvxN0a-s0qqaMMNLw62F84p4qK6UEuMGUgvALNw0,https://docs.google.com/document/d/1U4_IvxN0a-s0qqaMMNLw62F84p4qK6UEuMGUgvALNw0/edit?usp=drivesdk
1,Tabel Tarif PPh Pasal 22,,PPh,8,PPh Pasal 22,,,Wed Feb 19 2020 14:17:21 GMT+0800 (HKT),Wed Feb 19 2020 14:17:34 GMT+0800 (HKT),document,Fri Dec 29 1899 23:54:17 GMT+0800 (HKT),1PeFGrfnwZWzZaOWEyr4K2SdfQrdRUFJm_Elyv_K9MUU,https://docs.google.com/document/d/1PeFGrfnwZWzZaOWEyr4K2SdfQrdRUFJm_Elyv_K9MUU/edit?usp=drivesdk
1,PPH PASAL 24 ATAS penghasilan WPDN dari Luar Negeri,,PPh,13,PPh Pasal 24,,,Wed Feb 19 2020 15:46:23 GMT+0800 (HKT),Wed Feb 19 2020 15:46:37 GMT+0800 (HKT),document,Fri Dec 29 1899 23:54:17 GMT+0800 (HKT),16eFVNqedcvIJ83pv7uolibpxeNjGrPvSlK1-uDdNHgw,https://docs.google.com/document/d/16eFVNqedcvIJ83pv7uolibpxeNjGrPvSlK1-uDdNHgw/edit?usp=drivesdk
2,Revaluasi aktiva tetap untuk tahun 2015 dan 2016,,PPh,12,PPh Pasal 19,,,Wed Feb 19 2020 15:44:59 GMT+0800 (HKT),Wed Feb 19 2020 15:45:12 GMT+0800 (HKT),document,Fri Dec 29 1899 23:54:17 GMT+0800 (HKT),1o_3E8szzL50o1ipSBIlxrqgFGYhLpLp70j1PLrB8Az8,https://docs.google.com/document/d/1o_3E8szzL50o1ipSBIlxrqgFGYhLpLp70j1PLrB8Az8/edit?usp=drivesdk
1,PPh PASAL 19 ATAS Revaluasi (penilaian kembali aktiva tetap),,PPh,12,PPh Pasal 19,,,Wed Feb 19 2020 15:44:53 GMT+0800 (HKT),Wed Feb 19 2020 15:45:07 GMT+0800 (HKT),document,Fri Dec 29 1899 23:54:17 GMT+0800 (HKT),1MnIOCKlE_jOApX6xe_uoC3pOKyXkRvklqCXG7e4P4Ik,https://docs.google.com/document/d/1MnIOCKlE_jOApX6xe_uoC3pOKyXkRvklqCXG7e4P4Ik/edit?usp=drivesdk
6,PPh Pasal 15 atas WP yang melakukan kegiatan usaha jasa maklon internasional di bidang produksi mainan anak-anak,,PPh,11,PPh Pasal 15,,,Wed Feb 19 2020 15:43:49 GMT+0800 (HKT),Wed Feb 19 2020 15:44:03 GMT+0800 (HKT),document,Fri Dec 29 1899 23:54:17 GMT+0800 (HKT),19vYS2L-_5XyjKjb84CFx7wxTQPEAJ-P9ezPtueWxd-E,https://docs.google.com/document/d/19vYS2L-_5XyjKjb84CFx7wxTQPEAJ-P9ezPtueWxd-E/edit?usp=drivesdk
5,PPh Pasal 15 atas Kantor Perwakilan Dagang Asing (representative office/liaison office) di Indonesia,,PPh,11,PPh Pasal 15,,,Wed Feb 19 2020 15:43:42 GMT+0800 (HKT),Wed Feb 19 2020 15:43:57 GMT+0800 (HKT),document,Fri Dec 29 1899 23:54:17 GMT+0800 (HKT),1GloQbxFpmjByQep0zvspHetv72niXYPi_3UVVO5FnOE,https://docs.google.com/document/d/1GloQbxFpmjByQep0zvspHetv72niXYPi_3UVVO5FnOE/edit?usp=drivesdk
4,Tabel Tarif PPh Pasal 15,,PPh,11,PPh Pasal 15,,,Wed Feb 19 2020 15:43:35 GMT+0800 (HKT),Wed Feb 19 2020 15:43:50 GMT+0800 (HKT),document,0,1B69wDYJOXhyP5IJovJtE4zKVVM3t0iaj7aZzvewEVh8,https://docs.google.com/document/d/1B69wDYJOXhyP5IJovJtE4zKVVM3t0iaj7aZzvewEVh8/edit?usp=drivesdk
3,PPh Pasal 15 atas Penerbangan Dalam Negeri,,PPh,11,PPh Pasal 15,,,Wed Feb 19 2020 15:43:29 GMT+0800 (HKT),Wed Feb 19 2020 15:43:42 GMT+0800 (HKT),document,0,1rQKPKrCr3mP6X37WZW_8mMm3CVrvbuUtdW6kO0xO5Bk,https://docs.google.com/document/d/1rQKPKrCr3mP6X37WZW_8mMm3CVrvbuUtdW6kO0xO5Bk/edit?usp=drivesdk
2,PPh Pasal 15 atas Pelayaran/Penerbangan Luar Negeri,,PPh,11,PPh Pasal 15,,,Wed Feb 19 2020 15:43:23 GMT+0800 (HKT),Wed Feb 19 2020 15:43:36 GMT+0800 (HKT),document,0,1CxR1PwvuZISa7952X13LQEBRtMClLYV6SgluZydS0GQ,https://docs.google.com/document/d/1CxR1PwvuZISa7952X13LQEBRtMClLYV6SgluZydS0GQ/edit?usp=drivesdk
1,PPh Pasal 15 atas PELAYARAN DALAM NEGERI,,PPh,11,PPh Pasal 15,,,Wed Feb 19 2020 15:43:13 GMT+0800 (HKT),Wed Feb 19 2020 15:43:26 GMT+0800 (HKT),document,0,1Nbj2DETmXrVr6xHrpYbkhmcdKofVWxCMKKf9-ThgOyQ,https://docs.google.com/document/d/1Nbj2DETmXrVr6xHrpYbkhmcdKofVWxCMKKf9-ThgOyQ/edit?usp=drivesdk
3,PPh Pasal 21 Atas Bonus dan Tunjangan Hari Raya (THR),,PPh,7,PPh Pasal 21,5,Cara Perhitungan sejak Tahun Pajak 2016,Wed Feb 19 2020 14:15:06 GMT+0800 (HKT),Wed Feb 19 2020 14:15:19 GMT+0800 (HKT),document,0,1O1s5RQNey1E3kz6Z-HaEXyfSbQYWzuJx-fJ2U0QISjw,https://docs.google.com/document/d/1O1s5RQNey1E3kz6Z-HaEXyfSbQYWzuJx-fJ2U0QISjw/edit?usp=drivesdk
2,PPh Pasal 21 Pegawai Tidak Tetap,,PPh,7,PPh Pasal 21,5,Cara Perhitungan sejak Tahun Pajak 2016,Wed Feb 19 2020 14:14:50 GMT+0800 (HKT),Wed Feb 19 2020 14:15:03 GMT+0800 (HKT),document,0,1R2s3_-GiozhWGFycGSDXsQo3YRdJa43RJK8hw4-oVpU,https://docs.google.com/document/d/1R2s3_-GiozhWGFycGSDXsQo3YRdJa43RJK8hw4-oVpU/edit?usp=drivesdk
1,PPh Pasal 21 Pegawai Tetap dan Pemberi Pensiun,,PPh,7,PPh Pasal 21,5,Cara Perhitungan sejak Tahun Pajak 2016,Wed Feb 19 2020 14:14:34 GMT+0800 (HKT),Wed Feb 19 2020 14:14:47 GMT+0800 (HKT),document,0,1M1bv766sPC3SxCnbKFGJ75jJ-bqlr3aJ4UTfVTnA04M,https://docs.google.com/document/d/1M1bv766sPC3SxCnbKFGJ75jJ-bqlr3aJ4UTfVTnA04M/edit?usp=drivesdk
3,PPh Pasal 21 Atas Bonus dan Tunjangan Hari Raya (THR),,PPh,7,PPh Pasal 21,4,Cara Perhitungan Sejak tahun pajak 2015,Wed Feb 19 2020 14:12:52 GMT+0800 (HKT),Wed Feb 19 2020 14:13:04 GMT+0800 (HKT),document,0,1En_WODzpNlZP4gXvfDy3ZN0t1w2Uv34ZENKPLmAIAzM,https://docs.google.com/document/d/1En_WODzpNlZP4gXvfDy3ZN0t1w2Uv34ZENKPLmAIAzM/edit?usp=drivesdk
2,PPh Pasal 21 Pegawai Tidak Tetap,,PPh,7,PPh Pasal 21,4,Cara Perhitungan Sejak tahun pajak 2015,Wed Feb 19 2020 14:12:39 GMT+0800 (HKT),Wed Feb 19 2020 14:12:52 GMT+0800 (HKT),document,0,1KcYioQttzQpDqlls1as8SClcrV7Y2S610QNOYrDWGbI,https://docs.google.com/document/d/1KcYioQttzQpDqlls1as8SClcrV7Y2S610QNOYrDWGbI/edit?usp=drivesdk
1,PPh Pasal 21 Pegawai Tetap dan Penerima Pensiun Berkala,,PPh,7,PPh Pasal 21,4,Cara Perhitungan Sejak tahun pajak 2015,Wed Feb 19 2020 14:12:24 GMT+0800 (HKT),Wed Feb 19 2020 14:12:37 GMT+0800 (HKT),document,0,1QpgJu-ZK-R97ICvsVDT3NcoIBS-gKxD9pqK8p9Hcu0Q,https://docs.google.com/document/d/1QpgJu-ZK-R97ICvsVDT3NcoIBS-gKxD9pqK8p9Hcu0Q/edit?usp=drivesdk
4,"PPh 21 atas mantan pegawai, komisaris yang bukan pegawai tetap, penarikan dana pensiun oleh pegawai",,PPh,7,PPh Pasal 21,3,Cara Penghitungan Sejak 1 Januari 2013,Wed Feb 19 2020 14:09:46 GMT+0800 (HKT),Wed Feb 19 2020 14:09:59 GMT+0800 (HKT),document,0,1L4VRyZ8Iv9EkBlSd3DFvB6oIYydsjfLqczk8JZ5DcaY,https://docs.google.com/document/d/1L4VRyZ8Iv9EkBlSd3DFvB6oIYydsjfLqczk8JZ5DcaY/edit?usp=drivesdk
3,PPh Pasal 21 Pegawai Tidak Tetap,,PPh,7,PPh Pasal 21,3,Cara Penghitungan Sejak 1 Januari 2013,Wed Feb 19 2020 14:09:32 GMT+0800 (HKT),Wed Feb 19 2020 14:09:46 GMT+0800 (HKT),document,0,1n92a1xj1dxBDXLl50TMypz7ZnDYQTYh4z0xrvwOheYU,https://docs.google.com/document/d/1n92a1xj1dxBDXLl50TMypz7ZnDYQTYh4z0xrvwOheYU/edit?usp=drivesdk
2,Penghitungan PPh 21 Pegawai Tetap dan Penerima Pensiun Berkala,,PPh,7,PPh Pasal 21,3,Cara Penghitungan Sejak 1 Januari 2013,Wed Feb 19 2020 14:09:16 GMT+0800 (HKT),Wed Feb 19 2020 14:09:30 GMT+0800 (HKT),document,0,1vv5lbTjtXaXK2HY9xNHZ-MwPee3pn3xoZPqwvA_Ie7M,https://docs.google.com/document/d/1vv5lbTjtXaXK2HY9xNHZ-MwPee3pn3xoZPqwvA_Ie7M/edit?usp=drivesdk
1,PPh Pasal 21 Atas Bonus dan Tunjangan Hari Raya (THR),,PPh,7,PPh Pasal 21,3,Cara Penghitungan Sejak 1 Januari 2013,Wed Feb 19 2020 14:08:54 GMT+0800 (HKT),Wed Feb 19 2020 14:09:11 GMT+0800 (HKT),document,0,1QvmZe76_e8dywJX311z9vEaHZeFHAfO6_gBP2up__y4,https://docs.google.com/document/d/1QvmZe76_e8dywJX311z9vEaHZeFHAfO6_gBP2up__y4/edit?usp=drivesdk
4,"PPh 21 atas mantan pegawai, komisaris yang bukan pegawai tetap, penarikan dana pensiun oleh pegawai",,PPh,7,PPh Pasal 21,2,Cara Perhitungan < 1 Januari 2013,Wed Feb 19 2020 14:07:07 GMT+0800 (HKT),Wed Feb 19 2020 14:07:29 GMT+0800 (HKT),document,0,1ipwnaFjYRLWHe-EPQEvy2y2qzpidR-UtTVANWJcf-xk,https://docs.google.com/document/d/1ipwnaFjYRLWHe-EPQEvy2y2qzpidR-UtTVANWJcf-xk/edit?usp=drivesdk
3,PPh Pasal 21 Pegawai Tidak Tetap,,PPh,7,PPh Pasal 21,2,Cara Perhitungan < 1 Januari 2013,Wed Feb 19 2020 14:06:46 GMT+0800 (HKT),Wed Feb 19 2020 14:07:00 GMT+0800 (HKT),document,0,1CHMRujFMdUutrFdL0DpIHdSvJgnjSX-lEZKoaQ9jkoE,https://docs.google.com/document/d/1CHMRujFMdUutrFdL0DpIHdSvJgnjSX-lEZKoaQ9jkoE/edit?usp=drivesdk
2,PPh Pasal 21 Pegawai Tetap dan Penerima Pensiun Berkala,,PPh,7,PPh Pasal 21,2,Cara Perhitungan < 1 Januari 2013,Wed Feb 19 2020 14:06:26 GMT+0800 (HKT),Wed Feb 19 2020 14:06:40 GMT+0800 (HKT),document,0,11phppY4g1j3AxPIgNCwiB50T2RjnxW3_LLnx0h2_GzI,https://docs.google.com/document/d/11phppY4g1j3AxPIgNCwiB50T2RjnxW3_LLnx0h2_GzI/edit?usp=drivesdk
1,PPh Pasal 21 Atas Bonus dan Tunjangan Hari Raya (THR),,PPh,7,PPh Pasal 21,2,Cara Perhitungan < 1 Januari 2013,Wed Feb 19 2020 14:05:14 GMT+0800 (HKT),Wed Feb 19 2020 14:05:34 GMT+0800 (HKT),document,0,1JOyW6CUW6tnoDpQVyuKHWQjL09mSoJWaN1jIk7d8MCg,https://docs.google.com/document/d/1JOyW6CUW6tnoDpQVyuKHWQjL09mSoJWaN1jIk7d8MCg/edit?usp=drivesdk
14,Pajak Penghasilan Pasal 21 atas Penghasilan Pegawai dari Pemberi Kerja yang Memenuhi Kriteria Tertentu,,PPh,7,PPh Pasal 21,1,Ketentuan Umum PPh Pasal 21,Wed Feb 19 2020 10:03:04 GMT+0800 (HKT),Wed Feb 19 2020 10:04:13 GMT+0800 (HKT),document,0,1PQDyXL85ffexGqn4udhzshyfuaEXLdy8sS1SBApnmZ0,https://docs.google.com/document/d/1PQDyXL85ffexGqn4udhzshyfuaEXLdy8sS1SBApnmZ0/edit?usp=drivesdk
13,Unsur Penambah dan Pengurang Penghasilan dalam Penghitungan PPh Pasal 21,,PPh,7,PPh Pasal 21,1,Ketentuan Umum PPh Pasal 21,Wed Feb 19 2020 10:03:09 GMT+0800 (HKT),Wed Feb 19 2020 10:04:02 GMT+0800 (HKT),document,0,1DILXCz2pkuaZPhgl-_voDzHE5yk3RFN3wJqnxStKmiQ,https://docs.google.com/document/d/1DILXCz2pkuaZPhgl-_voDzHE5yk3RFN3wJqnxStKmiQ/edit?usp=drivesdk
12,"PPh 21 bagi Pejabat Negara, PNS, Anggota TNI, POLRI, dan Pensiunannya",,PPh,7,PPh Pasal 21,1,Ketentuan Umum PPh Pasal 21,Wed Feb 19 2020 10:03:10 GMT+0800 (HKT),Wed Feb 19 2020 10:03:55 GMT+0800 (HKT),document,0,13enJLuZUSwhsqigSi-pghjkakV2jFMicfQF06CwDpRQ,https://docs.google.com/document/d/13enJLuZUSwhsqigSi-pghjkakV2jFMicfQF06CwDpRQ/edit?usp=drivesdk
11,"SKB PPh Potput (SKB PPh 21, 22, 22 impor, 23)",,PPh,7,PPh Pasal 21,1,Ketentuan Umum PPh Pasal 21,Wed Feb 19 2020 10:03:20 GMT+0800 (HKT),Wed Feb 19 2020 10:03:43 GMT+0800 (HKT),document,0,1Zfj8oqQVULU3dW16ovuDqQmuQHDx6bahrCoWKVD71_E,https://docs.google.com/document/d/1Zfj8oqQVULU3dW16ovuDqQmuQHDx6bahrCoWKVD71_E/edit?usp=drivesdk
10,Pemotong dan Bukan Pemotong PPh Pasal 21/26,,PPh,7,PPh Pasal 21,1,Ketentuan Umum PPh Pasal 21,Wed Feb 19 2020 10:00:00 GMT+0800 (HKT),Wed Feb 19 2020 10:02:58 GMT+0800 (HKT),document,0,1KmEP5WZtAn6pO72YhgvJAGBa3r6BcdTlo21UnLknZTM,https://docs.google.com/document/d/1KmEP5WZtAn6pO72YhgvJAGBa3r6BcdTlo21UnLknZTM/edit?usp=drivesdk
9,Objek dan Bukan Objek PPh Pasal 21/26,,PPh,7,PPh Pasal 21,1,Ketentuan Umum PPh Pasal 21,Wed Feb 19 2020 10:00:07 GMT+0800 (HKT),Wed Feb 19 2020 10:02:50 GMT+0800 (HKT),document,0,1Fe6rK3XVDmyVpEIwN8FBnHitlRqJt0PR6WUIbIHOMD4,https://docs.google.com/document/d/1Fe6rK3XVDmyVpEIwN8FBnHitlRqJt0PR6WUIbIHOMD4/edit?usp=drivesdk
8,Subjek dan Bukan Subjek PPh Pasal 21/26,,PPh,7,PPh Pasal 21,1,Ketentuan Umum PPh Pasal 21,Wed Feb 19 2020 09:43:21 GMT+0800 (HKT),Wed Feb 19 2020 09:46:49 GMT+0800 (HKT),document,0,1qV4DxK5F6l6XtRT6S-xEVKIBlLvJyMZpc9kM1M7Xnks,https://docs.google.com/document/d/1qV4DxK5F6l6XtRT6S-xEVKIBlLvJyMZpc9kM1M7Xnks/edit?usp=drivesdk
7,Biaya Jabatan dan Biaya Pensiun,,PPh,7,PPh Pasal 21,1,Ketentuan Umum PPh Pasal 21,Wed Feb 19 2020 09:43:32 GMT+0800 (HKT),Wed Feb 19 2020 09:46:38 GMT+0800 (HKT),document,0,1o8W44g3ZH5ljI6JUbD8d_xOlwwXofOJf0BuB3kBq6Bo,https://docs.google.com/document/d/1o8W44g3ZH5ljI6JUbD8d_xOlwwXofOJf0BuB3kBq6Bo/edit?usp=drivesdk
6,Penghasilan Tidak Kena Pajak (PTKP),,PPh,7,PPh Pasal 21,1,Ketentuan Umum PPh Pasal 21,Wed Feb 19 2020 09:43:29 GMT+0800 (HKT),Wed Feb 19 2020 09:46:31 GMT+0800 (HKT),document,0,1ZQqyz4LCgTKKGfSKT2jLIIlSwPLVp46FyBGBQ8sJtLE,https://docs.google.com/document/d/1ZQqyz4LCgTKKGfSKT2jLIIlSwPLVp46FyBGBQ8sJtLE/edit?usp=drivesdk
5,"Pesangon, Uang Manfaat Pensiun, THT dan JHT",,PPh,7,PPh Pasal 21,1,Ketentuan Umum PPh Pasal 21,Wed Feb 19 2020 09:42:11 GMT+0800 (HKT),Wed Feb 19 2020 09:46:20 GMT+0800 (HKT),document,0,1RDTiTQYqz666GsFl57dCooQebudclgrtA385-avA490,https://docs.google.com/document/d/1RDTiTQYqz666GsFl57dCooQebudclgrtA385-avA490/edit?usp=drivesdk
4,Tanda Tangan Stempel & Bukti Potong Online PPh 21,,PPh,7,PPh Pasal 21,1,Ketentuan Umum PPh Pasal 21,Wed Feb 19 2020 09:42:08 GMT+0800 (HKT),Wed Feb 19 2020 09:46:07 GMT+0800 (HKT),document,0,1CfODE5PAwZvj8Ee79zUuRm7G1iQgCD1ObI6yI4XuzuY,https://docs.google.com/document/d/1CfODE5PAwZvj8Ee79zUuRm7G1iQgCD1ObI6yI4XuzuY/edit?usp=drivesdk
3,PPh 21 Ditanggung Pemerintah,,PPh,7,PPh Pasal 21,1,Ketentuan Umum PPh Pasal 21,Wed Feb 19 2020 09:43:30 GMT+0800 (HKT),Wed Feb 19 2020 09:45:57 GMT+0800 (HKT),document,0,1-fkK4AjC6fQHDuFRIEOQZ0l9OQaGqCdZfLRmsaO1Vck,https://docs.google.com/document/d/1-fkK4AjC6fQHDuFRIEOQZ0l9OQaGqCdZfLRmsaO1Vck/edit?usp=drivesdk
2,"Jamsostek (JKK, JHT, JKM, JPK & JHT) dan Premi asuransi lainnya",,PPh,7,PPh Pasal 21,1,Ketentuan Umum PPh Pasal 21,Wed Feb 19 2020 09:43:19 GMT+0800 (HKT),Wed Feb 19 2020 09:45:50 GMT+0800 (HKT),document,0,1-dbutICE1PJ-Wq2RSEcLQxkaedACnTbQ1OJ_6gmeMPY,https://docs.google.com/document/d/1-dbutICE1PJ-Wq2RSEcLQxkaedACnTbQ1OJ_6gmeMPY/edit?usp=drivesdk
1,Tabel Tarif PPh Pasal 21,,PPh,7,PPh Pasal 21,1,Ketentuan Umum PPh Pasal 21,Wed Feb 19 2020 09:43:32 GMT+0800 (HKT),Wed Feb 19 2020 09:45:41 GMT+0800 (HKT),document,0,1-O5FYi-HXxg0V1dkGUefRrXnwYkWTmw5YH8Kd0VXQn4,https://docs.google.com/document/d/1-O5FYi-HXxg0V1dkGUefRrXnwYkWTmw5YH8Kd0VXQn4/edit?usp=drivesdk
12,Transaksi e-commerse,,PPh,6,Penghasilan atas Jenis Usaha Tertentu,,,Wed Feb 19 2020 09:36:50 GMT+0800 (HKT),Wed Feb 19 2020 09:37:22 GMT+0800 (HKT),document,0,1aRoXeDB5dkNkoAVD6Bvq1XvOQ0qwG5mPmHmxVBARk_4,https://docs.google.com/document/d/1aRoXeDB5dkNkoAVD6Bvq1XvOQ0qwG5mPmHmxVBARk_4/edit?usp=drivesdk
11,Penghitungan PPh Kontraktor Kontrak Kerja Sama Migas,,PPh,6,Penghasilan atas Jenis Usaha Tertentu,,,Wed Feb 19 2020 09:36:40 GMT+0800 (HKT),Wed Feb 19 2020 09:37:11 GMT+0800 (HKT),document,0,1YpBKDAO3zJ682udoO62aL5d3NxWhSAbr-AzCkuUAEok,https://docs.google.com/document/d/1YpBKDAO3zJ682udoO62aL5d3NxWhSAbr-AzCkuUAEok/edit?usp=drivesdk
10,Perusahaan Pelayaran Niaga Nasional,,PPh,6,Penghasilan atas Jenis Usaha Tertentu,,,Wed Feb 19 2020 09:28:11 GMT+0800 (HKT),Wed Feb 19 2020 09:36:36 GMT+0800 (HKT),document,0,1yzlxGgNr_UCshTkRpOfRPHsvDX-UgMNU4QJLoZ077c4,https://docs.google.com/document/d/1yzlxGgNr_UCshTkRpOfRPHsvDX-UgMNU4QJLoZ077c4/edit?usp=drivesdk
9,Kegiatan Usaha Berbasis Syariah,,PPh,6,Penghasilan atas Jenis Usaha Tertentu,,,Wed Feb 19 2020 09:28:49 GMT+0800 (HKT),Wed Feb 19 2020 09:36:27 GMT+0800 (HKT),document,0,1x3L3JIqBiwhNzCpGsL7rqOh98Mu92ll0EjRTHAjqO6c,https://docs.google.com/document/d/1x3L3JIqBiwhNzCpGsL7rqOh98Mu92ll0EjRTHAjqO6c/edit?usp=drivesdk
8,Built Operate and Transfer (BOT) (Bangun Guna Serah),,PPh,6,Penghasilan atas Jenis Usaha Tertentu,,,Wed Feb 19 2020 09:29:32 GMT+0800 (HKT),Wed Feb 19 2020 09:36:18 GMT+0800 (HKT),document,0,1nbR8Lip6haQ-a6uDbvdtqJyvcMkpFLN-u3-xELjd3JA,https://docs.google.com/document/d/1nbR8Lip6haQ-a6uDbvdtqJyvcMkpFLN-u3-xELjd3JA/edit?usp=drivesdk
7,Perlakuan PPh atas Usaha Reksadana,,PPh,6,Penghasilan atas Jenis Usaha Tertentu,,,Wed Feb 19 2020 09:27:36 GMT+0800 (HKT),Wed Feb 19 2020 09:34:31 GMT+0800 (HKT),document,0,1jezn5fRKxGfurqt6ONoHtCh1gbTH4RgGXCsyd9A_iyE,https://docs.google.com/document/d/1jezn5fRKxGfurqt6ONoHtCh1gbTH4RgGXCsyd9A_iyE/edit?usp=drivesdk
6,Usaha Lapangan Golf,,PPh,6,Penghasilan atas Jenis Usaha Tertentu,,,Wed Feb 19 2020 09:27:44 GMT+0800 (HKT),Wed Feb 19 2020 09:34:23 GMT+0800 (HKT),document,0,1_5canndXD_I-MAFt1WHpyYvNbx_2goZPk3cuZBc_06M,https://docs.google.com/document/d/1_5canndXD_I-MAFt1WHpyYvNbx_2goZPk3cuZBc_06M/edit?usp=drivesdk
5,Yayasan,,PPh,6,Penghasilan atas Jenis Usaha Tertentu,,,Wed Feb 19 2020 09:28:34 GMT+0800 (HKT),Wed Feb 19 2020 09:31:24 GMT+0800 (HKT),document,0,1ZG9BZFBhBGYuvPYy2IV9kq42Kfz5fBO6hc8Guthfc6Y,https://docs.google.com/document/d/1ZG9BZFBhBGYuvPYy2IV9kq42Kfz5fBO6hc8Guthfc6Y/edit?usp=drivesdk
4,"CV, Firma, Kongsi, Persekutuan, Kontrak Investasi Kolektif (KIK)",,PPh,6,Penghasilan atas Jenis Usaha Tertentu,,,Wed Feb 19 2020 09:29:22 GMT+0800 (HKT),Wed Feb 19 2020 09:31:14 GMT+0800 (HKT),document,0,1T1xSvVEDwHGQWsrIefDQnAB44OMtq61r8cvnorekERI,https://docs.google.com/document/d/1T1xSvVEDwHGQWsrIefDQnAB44OMtq61r8cvnorekERI/edit?usp=drivesdk
3,Perlakuan Perpajakan untuk Pengusaha Panas Bumi,,PPh,6,Penghasilan atas Jenis Usaha Tertentu,,,Wed Feb 19 2020 09:28:24 GMT+0800 (HKT),Wed Feb 19 2020 09:31:05 GMT+0800 (HKT),document,0,1SQK-Lt84F45ag7FLX3l-YoIPGIip_mCPaCJMgS4RS7Q,https://docs.google.com/document/d/1SQK-Lt84F45ag7FLX3l-YoIPGIip_mCPaCJMgS4RS7Q/edit?usp=drivesdk
2,Perlakuan PPh dan PPN atas Leasing (Sewa Guna Usaha),,PPh,6,Penghasilan atas Jenis Usaha Tertentu,,,Wed Feb 19 2020 09:29:28 GMT+0800 (HKT),Wed Feb 19 2020 09:30:28 GMT+0800 (HKT),document,0,1RF5UvbwvKgqzUWLje991jyAM0b38_vzWmoQTESV5ufE,https://docs.google.com/document/d/1RF5UvbwvKgqzUWLje991jyAM0b38_vzWmoQTESV5ufE/edit?usp=drivesdk
1,Join Operation (Pemecahan Bukti Potong),,PPh,6,Penghasilan atas Jenis Usaha Tertentu,,,Wed Feb 19 2020 09:27:58 GMT+0800 (HKT),Wed Feb 19 2020 09:30:12 GMT+0800 (HKT),document,0,1GLu3BRwbufe7qslJYfYKJSsxjSIwcstP91R9YWVZJes,https://docs.google.com/document/d/1GLu3BRwbufe7qslJYfYKJSsxjSIwcstP91R9YWVZJes/edit?usp=drivesdk
5,Daftar Wilayah KAPET,,PPh,6,Penghasilan atas Jenis Usaha Tertentu,1,Perpajakan di KAPET,Wed Feb 19 2020 09:38:23 GMT+0800 (HKT),Wed Feb 19 2020 09:40:48 GMT+0800 (HKT),document,0,1jgOZyW-W-k3r-Euz-wyNkUF_sHczbEp1mgkCbH7pdvU,https://docs.google.com/document/d/1jgOZyW-W-k3r-Euz-wyNkUF_sHczbEp1mgkCbH7pdvU/edit?usp=drivesdk
4,Kawasan Pengembangan Ekonomi Terpadu (KAPET) (yang ditetapkan sebagai Kawasan Berikat),,PPh,6,Penghasilan atas Jenis Usaha Tertentu,1,Perpajakan di KAPET,Wed Feb 19 2020 09:38:46 GMT+0800 (HKT),Wed Feb 19 2020 09:39:48 GMT+0800 (HKT),document,0,1W32EYGi4FUg-0vVAZ-rAvBAI7hoOqIm_FxKiITEVQ7g,https://docs.google.com/document/d/1W32EYGi4FUg-0vVAZ-rAvBAI7hoOqIm_FxKiITEVQ7g/edit?usp=drivesdk
3,Untuk Pengusaha yang Tidak Berdomisili di dalam wilayah KAPET,,PPh,6,Penghasilan atas Jenis Usaha Tertentu,1,Perpajakan di KAPET,Wed Feb 19 2020 09:38:54 GMT+0800 (HKT),Wed Feb 19 2020 09:39:36 GMT+0800 (HKT),document,0,1T5J3J1WGqB4rkPmhfCyN6iMYIazeNYywjTePi8MT1jc,https://docs.google.com/document/d/1T5J3J1WGqB4rkPmhfCyN6iMYIazeNYywjTePi8MT1jc/edit?usp=drivesdk
2,Untuk Pengusaha yang Berdomisili di dalam wilayah KAPET,,PPh,6,Penghasilan atas Jenis Usaha Tertentu,1,Perpajakan di KAPET,Wed Feb 19 2020 09:38:51 GMT+0800 (HKT),Wed Feb 19 2020 09:39:27 GMT+0800 (HKT),document,0,120DhRmmV3QbH8oEaeF4mSe4n9RfxV2gxp6HYM2FkO1k,https://docs.google.com/document/d/120DhRmmV3QbH8oEaeF4mSe4n9RfxV2gxp6HYM2FkO1k/edit?usp=drivesdk
1,Perlakuan Perpajakan di KAPET (PPh dan PPN),,PPh,6,Penghasilan atas Jenis Usaha Tertentu,1,Perpajakan di KAPET,Wed Feb 19 2020 09:38:52 GMT+0800 (HKT),Wed Feb 19 2020 09:39:17 GMT+0800 (HKT),document,0,11Q7M-hte4lHrAhy6oaDok78LCoKaXim0POxqd8MK1os,https://docs.google.com/document/d/11Q7M-hte4lHrAhy6oaDok78LCoKaXim0POxqd8MK1os/edit?usp=drivesdk
3,Tax Haven Country,,PPh,5,Pencatatan dan Pembukuan,,,Wed Feb 19 2020 09:14:05 GMT+0800 (HKT),Wed Feb 19 2020 17:03:22 GMT+0800 (HKT),document,0,1xDPRPcCmxSjeYMNeFqMq1GjVopSoRjcHEUNBibiDA2U,https://docs.google.com/document/d/1xDPRPcCmxSjeYMNeFqMq1GjVopSoRjcHEUNBibiDA2U/edit?usp=drivesdk
2,Norma Penghitungan Penghasilan Neto sejak tahun pajak 2016,,PPh,5,Pencatatan dan Pembukuan,,,Wed Feb 19 2020 09:14:10 GMT+0800 (HKT),Wed Feb 19 2020 17:03:15 GMT+0800 (HKT),document,0,12qJOUopOU2wMBLL_5sqlM6CsKSxQuE4vlmX0wyqH8AI,https://docs.google.com/document/d/12qJOUopOU2wMBLL_5sqlM6CsKSxQuE4vlmX0wyqH8AI/edit?usp=drivesdk
1,Norma Penghitungan Penghasilan Neto,,PPh,5,Pencatatan dan Pembukuan,,,Wed Feb 19 2020 09:13:16 GMT+0800 (HKT),Wed Feb 19 2020 17:03:05 GMT+0800 (HKT),document,0,1L8D8yGJT5LIyEbrlb2_ddjLkbdF71xMKxr-1WvG1JgE,https://docs.google.com/document/d/1L8D8yGJT5LIyEbrlb2_ddjLkbdF71xMKxr-1WvG1JgE/edit?usp=drivesdk
9,Bukan objek PPh,,PPh,3,Penghasilan,,,Tue Feb 18 2020 16:37:17 GMT+0800 (HKT),Tue Feb 18 2020 16:39:31 GMT+0800 (HKT),document,0,1m6IcM4nlDv_TYq2YBpwM1bMilMpJaBP3w6xD4-BdJzM,https://docs.google.com/document/d/1m6IcM4nlDv_TYq2YBpwM1bMilMpJaBP3w6xD4-BdJzM/edit?usp=drivesdk
8,Objek PPh,,PPh,3,Penghasilan,,,Tue Feb 18 2020 16:35:38 GMT+0800 (HKT),Tue Feb 18 2020 16:39:19 GMT+0800 (HKT),document,0,1WFR9RkpJ2aLe4roJj85PFyzfnjoRaIDZwvZk1p7umtk,https://docs.google.com/document/d/1WFR9RkpJ2aLe4roJj85PFyzfnjoRaIDZwvZk1p7umtk/edit?usp=drivesdk
7,"Hubungan Usaha, Pekerjaan,Kepemilikan atau Penguasaan",,PPh,3,Penghasilan,,,Tue Feb 18 2020 16:35:24 GMT+0800 (HKT),Tue Feb 18 2020 16:39:09 GMT+0800 (HKT),document,0,1QKwNJCL0GNElOWAr_FS7mDyEPF6ZHy0AcqxKlZtyI_U,https://docs.google.com/document/d/1QKwNJCL0GNElOWAr_FS7mDyEPF6ZHy0AcqxKlZtyI_U/edit?usp=drivesdk
6,Keuntungan karena Pembebasan Utang,,PPh,3,Penghasilan,,,Tue Feb 18 2020 16:36:20 GMT+0800 (HKT),Tue Feb 18 2020 16:38:58 GMT+0800 (HKT),document,0,1NoYWXOQqkLMBMeM9bRH6ZoadojUDYWiqkfjBIz9Gwjg,https://docs.google.com/document/d/1NoYWXOQqkLMBMeM9bRH6ZoadojUDYWiqkfjBIz9Gwjg/edit?usp=drivesdk
5,"Bantuan, Sumbangan, Zakat yang tidak termasuk Objek Pajak",,PPh,3,Penghasilan,,,Tue Feb 18 2020 16:34:21 GMT+0800 (HKT),Tue Feb 18 2020 16:38:50 GMT+0800 (HKT),document,0,1NdjyDKjMMhEmVWG6i2RLWZGq10kFKOxHQ41d8nrXJsQ,https://docs.google.com/document/d/1NdjyDKjMMhEmVWG6i2RLWZGq10kFKOxHQ41d8nrXJsQ/edit?usp=drivesdk
4,Bantuan atau Santunan yang Dibayarkan oleh Badan Penyelenggara Jaminan Sosial (BPJS),,PPh,3,Penghasilan,,,Tue Feb 18 2020 16:27:04 GMT+0800 (HKT),Tue Feb 18 2020 16:38:41 GMT+0800 (HKT),document,0,17oXPrlwahwAfsDEGvSdX92H9IHZyU6KvrNAcwjzE-uA,https://docs.google.com/document/d/17oXPrlwahwAfsDEGvSdX92H9IHZyU6KvrNAcwjzE-uA/edit?usp=drivesdk
3,Beasiswa tidak termasuk Objek Pajak,,PPh,3,Penghasilan,,,Tue Feb 18 2020 16:34:48 GMT+0800 (HKT),Tue Feb 18 2020 16:38:28 GMT+0800 (HKT),document,0,1DoagNwfTxU8eV5FXzKtc1O5XJ6U5P_YHCNT5rl6O0So,https://docs.google.com/document/d/1DoagNwfTxU8eV5FXzKtc1O5XJ6U5P_YHCNT5rl6O0So/edit?usp=drivesdk
2,"Hibah, Bantuan, Sumbangan yang tidak termasuk Objek pajak",,PPh,3,Penghasilan,,,Tue Feb 18 2020 16:36:32 GMT+0800 (HKT),Tue Feb 18 2020 16:38:18 GMT+0800 (HKT),document,0,15mgB4GKF_K9MHvhL5Z6ncieZKseENYjYWWpKJURsAWU,https://docs.google.com/document/d/15mgB4GKF_K9MHvhL5Z6ncieZKseENYjYWWpKJURsAWU/edit?usp=drivesdk
1,Sisa Lebih yang Diterima oleh Badan atau Lembaga Nirlaba di Bidang Pendidikan,,PPh,3,Penghasilan,,,Tue Feb 18 2020 16:36:15 GMT+0800 (HKT),Tue Feb 18 2020 16:38:08 GMT+0800 (HKT),document,0,127FHvhJ_y4YiYS3QJT6uY-FVkMrUU1BkeAeqhQfnxDw,https://docs.google.com/document/d/127FHvhJ_y4YiYS3QJT6uY-FVkMrUU1BkeAeqhQfnxDw/edit?usp=drivesdk
1,Penentuan SPDN dan SPLN,,PPh,2,Subjek Pajak,,,Tue Feb 18 2020 15:47:47 GMT+0800 (HKT),Tue Feb 18 2020 16:26:08 GMT+0800 (HKT),document,0,17CwYpvA7tuAgGqBVyQum9O-PVMQ_u8bNiAYRoBfDGPE,https://docs.google.com/document/d/17CwYpvA7tuAgGqBVyQum9O-PVMQ_u8bNiAYRoBfDGPE/edit?usp=drivesdk
2,Subjek Pajak dan Bukan Subjek Pajak,,PPh,2,Subjek Pajak,,,Tue Feb 18 2020 16:24:31 GMT+0800 (HKT),Tue Feb 18 2020 16:25:54 GMT+0800 (HKT),document,0,19aP2wXcNDNquymFT4pP-WTKxh5K7PIP8sKEZV_09gLI,https://docs.google.com/document/d/19aP2wXcNDNquymFT4pP-WTKxh5K7PIP8sKEZV_09gLI/edit?usp=drivesdk
17,Validasi SSB dan SSP,,PPh,10,PPh Final Pasal 4 ayat (2),,,Wed Feb 19 2020 15:42:00 GMT+0800 (HKT),Wed Feb 19 2020 15:42:13 GMT+0800 (HKT),document,0,1qjlfbuIS6qeq_ygU54yR_FaYU3vr5hskumtdm1lO3Go,https://docs.google.com/document/d/1qjlfbuIS6qeq_ygU54yR_FaYU3vr5hskumtdm1lO3Go/edit?usp=drivesdk
16,PPh Final atas penghasilan WP yang memiliki peredaran bruto tertentu PP 23 Tahun 2018,,PPh,10,PPh Final Pasal 4 ayat (2),,,Wed Feb 19 2020 15:41:54 GMT+0800 (HKT),Wed Feb 19 2020 15:42:07 GMT+0800 (HKT),document,0,1epR1-UNqS_BrWfh7Gewx85Z7Ep-ynAB-KLVHaCrLzrc,https://docs.google.com/document/d/1epR1-UNqS_BrWfh7Gewx85Z7Ep-ynAB-KLVHaCrLzrc/edit?usp=drivesdk
15,PPh Final atas penghasilan WP yang memiliki peredaran bruto tertentu PP 46 Tahun 2013 (sudah tidak berlaku sejak 1 Juli 2018),,PPh,10,PPh Final Pasal 4 ayat (2),,,Wed Feb 19 2020 15:41:47 GMT+0800 (HKT),Wed Feb 19 2020 15:42:01 GMT+0800 (HKT),document,0,1FV0kUVRGx7PDUcon9StLInuATpR4M2xwgjpQdI8GUW8,https://docs.google.com/document/d/1FV0kUVRGx7PDUcon9StLInuATpR4M2xwgjpQdI8GUW8/edit?usp=drivesdk
14,PPh Final atas Penghasilan dari Pengalihan Real Estat dalam Skema Kontrak Investasi Kolektif Tertentu,,PPh,10,PPh Final Pasal 4 ayat (2),,,Wed Feb 19 2020 15:41:42 GMT+0800 (HKT),Wed Feb 19 2020 15:41:55 GMT+0800 (HKT),document,0,1BbHBZ7c4P3rldtwxsGTrWs6dchHh4l3cOt-DN2_vNrw,https://docs.google.com/document/d/1BbHBZ7c4P3rldtwxsGTrWs6dchHh4l3cOt-DN2_vNrw/edit?usp=drivesdk
13,PPh Final atas Penghasilan Lain Kontraktor Dari Pengalihan Participating Interest,,PPh,10,PPh Final Pasal 4 ayat (2),,,Wed Feb 19 2020 15:41:35 GMT+0800 (HKT),Wed Feb 19 2020 15:41:49 GMT+0800 (HKT),document,0,1XX-8FCwfHTiqUXo3uwAzcEEZRpN1DkfIemWiJYjt-cQ,https://docs.google.com/document/d/1XX-8FCwfHTiqUXo3uwAzcEEZRpN1DkfIemWiJYjt-cQ/edit?usp=drivesdk
12,SKB terkait PP 46 Tahun 2013,,PPh,10,PPh Final Pasal 4 ayat (2),,,Wed Feb 19 2020 15:41:28 GMT+0800 (HKT),Wed Feb 19 2020 15:41:42 GMT+0800 (HKT),document,0,1phUO5LQeD4f_6EUKX-uDca2QjYOiyd7Mx9M67Ycx4WA,https://docs.google.com/document/d/1phUO5LQeD4f_6EUKX-uDca2QjYOiyd7Mx9M67Ycx4WA/edit?usp=drivesdk
11,Stempel Tanda Tangan pada Bukti Potong PPh atas Pembayaran Bunga Kepada Nasabah SUN-ORI,,PPh,10,PPh Final Pasal 4 ayat (2),,,Wed Feb 19 2020 15:41:22 GMT+0800 (HKT),Wed Feb 19 2020 15:41:36 GMT+0800 (HKT),document,0,1hjzofcBCMUjnsKINJKhTKC7saoBU7pa2Qr8vxVYkx9w,https://docs.google.com/document/d/1hjzofcBCMUjnsKINJKhTKC7saoBU7pa2Qr8vxVYkx9w/edit?usp=drivesdk
10,"Stempel Tanda Tangan pada Bukti Potong PPh atas Bunga Deposito, Tabungan, Jasa Giro, dan Diskonto SBI",,PPh,10,PPh Final Pasal 4 ayat (2),,,Wed Feb 19 2020 15:41:16 GMT+0800 (HKT),Wed Feb 19 2020 15:41:30 GMT+0800 (HKT),document,0,1rfwi-w_YMoCWjWodzKIstQCzsJmoAZyvn3NTgPSsXQY,https://docs.google.com/document/d/1rfwi-w_YMoCWjWodzKIstQCzsJmoAZyvn3NTgPSsXQY/edit?usp=drivesdk
9,PPh Final atas Hadiah Undian,,PPh,10,PPh Final Pasal 4 ayat (2),,,Wed Feb 19 2020 15:41:08 GMT+0800 (HKT),Wed Feb 19 2020 15:41:23 GMT+0800 (HKT),document,0,1h3OjfGGeK4X-jgP1t8DtOEZcrWIHqcHOwWDlnbgxnRw,https://docs.google.com/document/d/1h3OjfGGeK4X-jgP1t8DtOEZcrWIHqcHOwWDlnbgxnRw/edit?usp=drivesdk
8,PPh Final atas Bunga simpanan Koperasi,,PPh,10,PPh Final Pasal 4 ayat (2),,,Wed Feb 19 2020 15:41:01 GMT+0800 (HKT),Wed Feb 19 2020 15:41:16 GMT+0800 (HKT),document,0,1fQOzWvODjuh4IuclEdFjfCpyBuGAL-iprWOwPZTSIdQ,https://docs.google.com/document/d/1fQOzWvODjuh4IuclEdFjfCpyBuGAL-iprWOwPZTSIdQ/edit?usp=drivesdk
7,PPh Final atas Bunga deposito dan tabungan serta diskonto Sertifikat Bank Indonesia,,PPh,10,PPh Final Pasal 4 ayat (2),,,Wed Feb 19 2020 15:40:52 GMT+0800 (HKT),Wed Feb 19 2020 15:41:06 GMT+0800 (HKT),document,0,1_tf4EWZ7zUsIOst1QBkQT1jZqyS02I2nSLse54W3sX8,https://docs.google.com/document/d/1_tf4EWZ7zUsIOst1QBkQT1jZqyS02I2nSLse54W3sX8/edit?usp=drivesdk
6,PPh Final atas Dividen yang diterima Orang Pribadi (OP),,PPh,10,PPh Final Pasal 4 ayat (2),,,Wed Feb 19 2020 15:40:46 GMT+0800 (HKT),Wed Feb 19 2020 15:40:59 GMT+0800 (HKT),document,0,1LwbWdlgmJUq9qSVms_Q6AoARJYff6QROFr-UKW0ZB40,https://docs.google.com/document/d/1LwbWdlgmJUq9qSVms_Q6AoARJYff6QROFr-UKW0ZB40/edit?usp=drivesdk
5,PPh Final atas Penjualan Saham di Bursa Efek,,PPh,10,PPh Final Pasal 4 ayat (2),,,Wed Feb 19 2020 15:40:39 GMT+0800 (HKT),Wed Feb 19 2020 15:40:53 GMT+0800 (HKT),document,0,10pUNTioF2C2DUcWPXQkKCtpU2ggykMkJdRX2S2zAB7s,https://docs.google.com/document/d/10pUNTioF2C2DUcWPXQkKCtpU2ggykMkJdRX2S2zAB7s/edit?usp=drivesdk
4,PPh Final atas Jasa Konstruksi,,PPh,10,PPh Final Pasal 4 ayat (2),,,Wed Feb 19 2020 15:40:33 GMT+0800 (HKT),Wed Feb 19 2020 15:40:46 GMT+0800 (HKT),document,0,1MuLPWSrORDIT5jqGPqbFOfNWAHNgxvjbWCtcPr1lU9w,https://docs.google.com/document/d/1MuLPWSrORDIT5jqGPqbFOfNWAHNgxvjbWCtcPr1lU9w/edit?usp=drivesdk
3,PPh Final atas Persewaan Tanah dan/atau Bangunan,,PPh,10,PPh Final Pasal 4 ayat (2),,,Wed Feb 19 2020 15:40:27 GMT+0800 (HKT),Wed Feb 19 2020 15:40:40 GMT+0800 (HKT),document,0,1E2oRz5VpG3E0dOFNgqXuaIH0VGOsymuJ0Ge771i7q8k,https://docs.google.com/document/d/1E2oRz5VpG3E0dOFNgqXuaIH0VGOsymuJ0Ge771i7q8k/edit?usp=drivesdk
2,"PPh Final atas Pengalihan hak atas Tanah dan/atau bangunan, SKB PPhTB",,PPh,10,PPh Final Pasal 4 ayat (2),,,Wed Feb 19 2020 15:40:20 GMT+0800 (HKT),Wed Feb 19 2020 15:40:34 GMT+0800 (HKT),document,0,1dWwOD9CATkUi72BIHbARzDdpEzsYya7vPcIr2kmWSEo,https://docs.google.com/document/d/1dWwOD9CATkUi72BIHbARzDdpEzsYya7vPcIr2kmWSEo/edit?usp=drivesdk
1,"SUN (Obligasi Negara, SPN) dan SBSN",,PPh,10,PPh Final Pasal 4 ayat (2),,,Wed Feb 19 2020 15:40:12 GMT+0800 (HKT),Wed Feb 19 2020 15:40:27 GMT+0800 (HKT),document,0,1upLH8QdVLrg2xvAFS4felM8JQ8cW8yRbikvXjNV8ftQ,https://docs.google.com/document/d/1upLH8QdVLrg2xvAFS4felM8JQ8cW8yRbikvXjNV8ftQ/edit?usp=drivesdk
14,Daftar Rekonsiliasi Fiskal Biaya Usaha,,PPh,4,Biaya Fiskal,,,Thu Feb 13 2020 16:26:18 GMT+0800 (HKT),Sun Feb 16 2020 14:41:17 GMT+0800 (HKT),document,0,1cVDB1xbk5bkHQ56YNkO179T-FPZMiCZb9Abq5jpZ_xI,https://docs.google.com/document/d/1cVDB1xbk5bkHQ56YNkO179T-FPZMiCZb9Abq5jpZ_xI/edit?usp=drivesdk
13,Contoh Soal Rekonsiliasi Fiskal + Kunci Jawaban,,PPh,4,Biaya Fiskal,,,Thu Feb 13 2020 16:26:57 GMT+0800 (HKT),Sun Feb 16 2020 14:41:09 GMT+0800 (HKT),document,0,181CyTb1R0QyMlQboRrytoDQk9_e1D7SPHToJKiqcy6M,https://docs.google.com/document/d/181CyTb1R0QyMlQboRrytoDQk9_e1D7SPHToJKiqcy6M/edit?usp=drivesdk
12,"Biaya SDM (deductible-nondeductible, objek pph 21-bukan objek pph 21)",,PPh,4,Biaya Fiskal,,,Thu Feb 13 2020 16:23:53 GMT+0800 (HKT),Sun Feb 16 2020 14:41:01 GMT+0800 (HKT),document,0,1YZFTXSiVTnMu-TTG0rEsr-sSWmi2KbEF6BQa0HSg0SY,https://docs.google.com/document/d/1YZFTXSiVTnMu-TTG0rEsr-sSWmi2KbEF6BQa0HSg0SY/edit?usp=drivesdk
11,Biaya Promosi,,PPh,4,Biaya Fiskal,,,Thu Feb 13 2020 16:23:08 GMT+0800 (HKT),Sun Feb 16 2020 14:40:55 GMT+0800 (HKT),document,0,1DLJIbtVir8NzpEMSUcWP3E3ZzstOn8UDZHV8xubWGPc,https://docs.google.com/document/d/1DLJIbtVir8NzpEMSUcWP3E3ZzstOn8UDZHV8xubWGPc/edit?usp=drivesdk
10,BIAYA FISKAL (PASAL 6 DAN 9 UU PPH),,PPh,4,Biaya Fiskal,,,Thu Feb 13 2020 16:22:10 GMT+0800 (HKT),Sun Feb 16 2020 14:40:47 GMT+0800 (HKT),document,0,1vYyo2WDNjifzD_WZyvpZmo7dAtXtlxNaXwfP3aSdLck,https://docs.google.com/document/d/1vYyo2WDNjifzD_WZyvpZmo7dAtXtlxNaXwfP3aSdLck/edit?usp=drivesdk
9,Biaya Entertainment,,PPh,4,Biaya Fiskal,,,Thu Feb 13 2020 15:38:12 GMT+0800 (HKT),Sun Feb 16 2020 14:40:39 GMT+0800 (HKT),document,0,1faMFvCaumqHmD1w8shAiGkeWP4Fssk1HqkKN5EQLrVQ,https://docs.google.com/document/d/1faMFvCaumqHmD1w8shAiGkeWP4Fssk1HqkKN5EQLrVQ/edit?usp=drivesdk
8,Biaya Bunga Pinjaman,,PPh,4,Biaya Fiskal,,,Thu Feb 13 2020 16:24:18 GMT+0800 (HKT),Sun Feb 16 2020 14:40:31 GMT+0800 (HKT),document,0,1UZTGshJ1dQNYXKt0RFBCUt_rzT7jZjIkSWTr1-ltvtg,https://docs.google.com/document/d/1UZTGshJ1dQNYXKt0RFBCUt_rzT7jZjIkSWTr1-ltvtg/edit?usp=drivesdk
7,Join Cost,,PPh,4,Biaya Fiskal,,,Thu Feb 13 2020 16:25:58 GMT+0800 (HKT),Sun Feb 16 2020 14:33:34 GMT+0800 (HKT),document,0,1T3KhVFzAjejl3Uc8suS8BJbvu-BLFw7pMEACjSBpleQ,https://docs.google.com/document/d/1T3KhVFzAjejl3Uc8suS8BJbvu-BLFw7pMEACjSBpleQ/edit?usp=drivesdk
6,Natura-Kenikmatan,,PPh,4,Biaya Fiskal,,,Thu Feb 13 2020 16:22:47 GMT+0800 (HKT),Sun Feb 16 2020 14:33:23 GMT+0800 (HKT),document,0,19QDgG9irIj5gt8mW41TU8DaYJ6n3xuV_xozXZ4IRkfY,https://docs.google.com/document/d/19QDgG9irIj5gt8mW41TU8DaYJ6n3xuV_xozXZ4IRkfY/edit?usp=drivesdk
5,Pajak Daerah dan Retribusi Daerah,,PPh,4,Biaya Fiskal,,,Thu Feb 13 2020 16:24:39 GMT+0800 (HKT),Sun Feb 16 2020 14:33:14 GMT+0800 (HKT),document,0,1jsSNM47cMzwE64JteTc0jtsQlwcHdkkFvjm6jCv6oHQ,https://docs.google.com/document/d/1jsSNM47cMzwE64JteTc0jtsQlwcHdkkFvjm6jCv6oHQ/edit?usp=drivesdk
4,Pajak Masukan yang Tidak dapat Dikreditkan bisa jadi Pengurang Penghasilan Bruto,,PPh,4,Biaya Fiskal,,,Thu Feb 13 2020 16:25:29 GMT+0800 (HKT),Sun Feb 16 2020 14:33:04 GMT+0800 (HKT),document,0,1DTRxQQtJ4l_8O9vgmFBEoy35rFer2jtkHn6FYfiTp7A,https://docs.google.com/document/d/1DTRxQQtJ4l_8O9vgmFBEoy35rFer2jtkHn6FYfiTp7A/edit?usp=drivesdk
3,Piutang yang Nyata-Nyata Tidak Dapat Ditagih,,PPh,4,Biaya Fiskal,,,Thu Feb 13 2020 16:23:30 GMT+0800 (HKT),Sun Feb 16 2020 14:32:49 GMT+0800 (HKT),document,0,1RLRvYYA2VymWoMg4WVOEqgJXEvSEhnXo4DS0S8HQTbs,https://docs.google.com/document/d/1RLRvYYA2VymWoMg4WVOEqgJXEvSEhnXo4DS0S8HQTbs/edit?usp=drivesdk
2,Sumbangan - Biaya Pembangunan Infrastruktur yang bisa dikurangkan dari penghasilan bruto,,PPh,4,Biaya Fiskal,,,Thu Feb 13 2020 16:25:02 GMT+0800 (HKT),Sun Feb 16 2020 14:32:34 GMT+0800 (HKT),document,0,1QuyK7zm8mAYpqNstpD1rogyxP-lJs7DdA_kSq5SJsJw,https://docs.google.com/document/d/1QuyK7zm8mAYpqNstpD1rogyxP-lJs7DdA_kSq5SJsJw/edit?usp=drivesdk
1,Zakat Atau Sumbangan Keagamaan yang Sifatnya Wajib,,PPh,4,Biaya Fiskal,,,Thu Feb 13 2020 16:21:32 GMT+0800 (HKT),Sun Feb 16 2020 14:32:19 GMT+0800 (HKT),document,0,1MnqqVICkMSiz875aBuPXxEse_X1rsSydQlmKjBRjC2Q,https://docs.google.com/document/d/1MnqqVICkMSiz875aBuPXxEse_X1rsSydQlmKjBRjC2Q/edit?usp=drivesdk
8,Penyusutan Harta Berwujud,,PPh,4,Biaya Fiskal,1,Penyusutan Fiskal,Thu Feb 13 2020 16:28:19 GMT+0800 (HKT),Sun Feb 16 2020 14:40:21 GMT+0800 (HKT),document,0,1Q225SN2z2JUOebROr_pPAzMin8RC9hFau8ibEP1CYY0,https://docs.google.com/document/d/1Q225SN2z2JUOebROr_pPAzMin8RC9hFau8ibEP1CYY0/edit?usp=drivesdk
7,Kendaraan milik perusahaan,,PPh,4,Biaya Fiskal,1,Penyusutan Fiskal,Thu Feb 13 2020 16:28:39 GMT+0800 (HKT),Sun Feb 16 2020 14:40:14 GMT+0800 (HKT),document,0,1lnId79EQLAXsG2QYAQnEYKzNeEQUH6rKyMz_oGGPfeE,https://docs.google.com/document/d/1lnId79EQLAXsG2QYAQnEYKzNeEQUH6rKyMz_oGGPfeE/edit?usp=drivesdk
6,"HP, telepon Seluler, pager",,PPh,4,Biaya Fiskal,1,Penyusutan Fiskal,Thu Feb 13 2020 16:29:03 GMT+0800 (HKT),Sun Feb 16 2020 14:40:06 GMT+0800 (HKT),document,0,1l56C1ufjb2rOeKjk12Ivg7sbTahe070odc3IlY859Ow,https://docs.google.com/document/d/1l56C1ufjb2rOeKjk12Ivg7sbTahe070odc3IlY859Ow/edit?usp=drivesdk
5,Biaya Penyusutan Fiskal,,PPh,4,Biaya Fiskal,1,Penyusutan Fiskal,Thu Feb 13 2020 16:27:44 GMT+0800 (HKT),Sun Feb 16 2020 14:39:59 GMT+0800 (HKT),document,0,1d4qD8UavJX49j_QOO8OGdq2Kn98daHVDrI3d94buATk,https://docs.google.com/document/d/1d4qD8UavJX49j_QOO8OGdq2Kn98daHVDrI3d94buATk/edit?usp=drivesdk
4,Amortisasi Harta Tidak Berwujud,,PPh,4,Biaya Fiskal,1,Penyusutan Fiskal,Thu Feb 13 2020 16:28:26 GMT+0800 (HKT),Sun Feb 16 2020 14:39:50 GMT+0800 (HKT),document,0,1YW2f_NghQNp3gAjjTwnrABlnJm6XGJGIY-F4NMl5ngo,https://docs.google.com/document/d/1YW2f_NghQNp3gAjjTwnrABlnJm6XGJGIY-F4NMl5ngo/edit?usp=drivesdk
3,Penyusutan Harta Berwujud Bagi Kontraktor Migas,,PPh,4,Biaya Fiskal,1,Penyusutan Fiskal,Thu Feb 13 2020 16:29:28 GMT+0800 (HKT),Sun Feb 16 2020 14:33:58 GMT+0800 (HKT),document,0,1vsfxkJSTDto0o5PWD_j5Tpta_ehUSFrXbDmyZ4NvzFM,https://docs.google.com/document/d/1vsfxkJSTDto0o5PWD_j5Tpta_ehUSFrXbDmyZ4NvzFM/edit?usp=drivesdk
2,"Penyusutan, Amortisasi dalam Bidang Usaha Tertentu (Tanaman Kehutanan, kayu, Tanaman Keras, Ternak)",,PPh,4,Biaya Fiskal,1,Penyusutan Fiskal,Thu Feb 13 2020 16:29:30 GMT+0800 (HKT),Sun Feb 16 2020 14:33:49 GMT+0800 (HKT),document,0,1E-yHbTVpIYG-SCViJxRy0OukerjJwmWu9u5QyS3vXEY,https://docs.google.com/document/d/1E-yHbTVpIYG-SCViJxRy0OukerjJwmWu9u5QyS3vXEY/edit?usp=drivesdk
1,Perangkat Lunak (Software) Komputer,,PPh,4,Biaya Fiskal,1,Penyusutan Fiskal,Thu Feb 13 2020 16:28:48 GMT+0800 (HKT),Sun Feb 16 2020 14:33:42 GMT+0800 (HKT),document,0,1oQlOxtb4goqV_I_t128spHRKEKe_KS1pbmPOgcnE24o,https://docs.google.com/document/d/1oQlOxtb4goqV_I_t128spHRKEKe_KS1pbmPOgcnE24o/edit?usp=drivesdk
5,"Penggunaan Nilai Buku atas Pengalihan dan Perolehan Harta dalam Rangka Penggabungan, Peleburan, Pemekaran atau Pengambilalihan Usaha",,PPh,1,Umum,,,Tue Feb 18 2020 15:39:38 GMT+0800 (HKT),Tue Feb 18 2020 15:47:15 GMT+0800 (HKT),document,0,1um4C8N1mf-cvcVUSVrJLretfX6RLyswG9t5fUCN3Y4I,https://docs.google.com/document/d/1um4C8N1mf-cvcVUSVrJLretfX6RLyswG9t5fUCN3Y4I/edit?usp=drivesdk
4,Oasis Pemotongan/Pemungutan PPh,,PPh,1,Umum,,,Tue Feb 18 2020 15:39:02 GMT+0800 (HKT),Tue Feb 18 2020 15:47:03 GMT+0800 (HKT),document,0,1Yd-WO6eSqp2WttnujN1B4LtB_fiOLaDBupqwDxyNxSQ,https://docs.google.com/document/d/1Yd-WO6eSqp2WttnujN1B4LtB_fiOLaDBupqwDxyNxSQ/edit?usp=drivesdk
3,"Penggunaan Nilai Buku atas Pengalihan Harta dalam Rangka Penggabungan, Peleburan atau Pemekaran Usaha",,PPh,1,Umum,,,Tue Feb 18 2020 15:40:05 GMT+0800 (HKT),Tue Feb 18 2020 15:46:51 GMT+0800 (HKT),document,0,10kGTWYrF693IFhHUrsmGk-jBnp2oXxrjzDBpGsDuZ4E,https://docs.google.com/document/d/10kGTWYrF693IFhHUrsmGk-jBnp2oXxrjzDBpGsDuZ4E/edit?usp=drivesdk
2,"SKB PPh Potput (SKB PPh 21, 22, 22 impor, 23)",,PPh,1,Umum,,,Tue Feb 18 2020 15:40:38 GMT+0800 (HKT),Tue Feb 18 2020 15:46:35 GMT+0800 (HKT),document,0,1jKNDmPF57Ztft6iyRrjy61sVXiBPrpQ4OrtcEBZjEPQ,https://docs.google.com/document/d/1jKNDmPF57Ztft6iyRrjy61sVXiBPrpQ4OrtcEBZjEPQ/edit?usp=drivesdk
1,Resume Tarif dan DPP PPh ( KETENTUAN LAMA),,PPh,1,Umum,,,Tue Feb 18 2020 15:37:35 GMT+0800 (HKT),Tue Feb 18 2020 15:46:24 GMT+0800 (HKT),document,0,1JSrHcMwQY6dFSvsVOFZxB_Mck3Gf05lSelVFvuyoykY,https://docs.google.com/document/d/1JSrHcMwQY6dFSvsVOFZxB_Mck3Gf05lSelVFvuyoykY/edit?usp=drivesdk
1,Saat Dimulainya Kewajiban Perpajakan,,PPh,1,Umum,,,Fri Jan 10 2020 10:03:38 GMT+0800 (HKT),Tue Feb 18 2020 15:46:04 GMT+0800 (HKT),document,0,1Gf1g4SpdKhp-IOB-Nf3Lxwr2OB5U5Ykb2CICsX4NdXc,https://docs.google.com/document/d/1Gf1g4SpdKhp-IOB-Nf3Lxwr2OB5U5Ykb2CICsX4NdXc/edit?usp=drivesdk